Item,Qty,References,Value,Footprint,LCSC,MPN,Manufacturer,Unit USD,Ext USD,Note
1,1,C1,10n,Capacitor_SMD:C_0603_1608Metric,,,,,,
2,1,C2,22n,Capacitor_SMD:C_0603_1608Metric,,,,,,
3,21,C3 C5 C27 C28 C33 C34 C35 C39 C41 C43 C52 C62 C68 C69 C70 C71 C72 C73 C74 C90 C91,100n,Capacitor_SMD:C_0603_1608Metric,,,,,,
4,1,C4,150n,Capacitor_SMD:C_0603_1608Metric,,,,,,
5,14,C6 C7 C8 C9 C10 C11 C12 C13 C38 C40 C45 C46 C47 C48,10u/50V X7S,Capacitor_SMD:C_1210_3225Metric,C126612,GCM32EC71H106KA03L,Murata,0.144,2.016,
6,1,C14,470u/50V,Capacitor_THT:CP_Radial_D10.0mm_P5.00mm,C106666,,,0.1,0.1,470 uF 50 V THT radial D10
7,4,C15 C16 C36 C37,220u/35V hybrid,Capacitor_SMD:CP_Elec_10x10.5,C2923769,,Lelon,0.28,1.12,"CHECK: SOURCING part is Lelon SVZ D8x11.5 polymer, symbol says 'hybrid' on a CP_Elec_10x10.5 footprint - pick footprint or part; verify ESR <= 25 mOhm"
8,2,C18 C20,47n,Capacitor_SMD:C_0603_1608Metric,,,,,,
9,1,C19,470n,Capacitor_SMD:C_0603_1608Metric,,,,,,
10,4,C21 C30 C42 C53,1u,Capacitor_SMD:C_0603_1608Metric,,,,,,
11,2,C22 C23,2.2u,Capacitor_SMD:C_0603_1608Metric,,,,,,
12,1,C24,27n,Capacitor_SMD:C_0603_1608Metric,,,,,,
13,1,C25,2.2n,Capacitor_SMD:C_0603_1608Metric,,,,,,
14,3,C31 C32 C44,1n,Capacitor_SMD:C_0603_1608Metric,,,,,,
15,2,C49 C58,DNP,Capacitor_SMD:C_0603_1608Metric,,,,,,do not populate (value says DNP)
16,2,C50 C51,4.7u/50V,Capacitor_SMD:C_1210_3225Metric,,,,,,
17,2,C54 C55,22u/16V,Capacitor_SMD:C_1210_3225Metric,,,,,,
18,1,C56,10u/16V,Capacitor_SMD:C_1210_3225Metric,,,,,,
19,1,C57,22u/10V,Capacitor_SMD:C_1210_3225Metric,,,,,,
20,1,C64,4.7u,Capacitor_SMD:C_0603_1608Metric,,,,,,
21,1,C65,1u VDDA,Capacitor_SMD:C_0603_1608Metric,,,,,,
22,2,C66 C67,18p,Capacitor_SMD:C_0603_1608Metric,,,,,,
23,4,D1 D2 D3 D4,BAT54W,Package_TO_SOT_SMD:SOT-323_SC-70,,,,,,
24,1,D5,SMBJ33A,Diode_SMD:D_SMB,,,,,,
25,1,D6,1N4148W,Diode_SMD:D_SOD-323,,,,,,
26,1,D7,STATUS,LED_SMD:LED_0603_1608Metric,,,,,,
27,1,D8,TL431B 2.495V,Package_TO_SOT_SMD:SOT-23,C41283,TL431BIDBZR,TI,0.054,0.054,
28,1,F1,35A blade,Fuse:Fuse_Blade_ATO_directSolder,C3207132,,,0.42,0.42,ATO fuse HOLDER; the 35 A fuse itself is bought separately
29,1,J1,XT60PW-M SLOT PWR,labbench:XT60PW-M,C98732,XT60PW-M,Amass,0.54,0.54,
30,1,J2,SWD,Connector_PinHeader_2.54mm:PinHeader_1x05_P2.54mm_Vertical,,,,,,
31,1,J3,UART,Connector_PinHeader_2.54mm:PinHeader_1x03_P2.54mm_Vertical,,,,,,
32,1,J4,XT60PW-M OUTPUT,labbench:XT60PW-M,C98732,XT60PW-M,Amass,0.54,0.54,
33,1,J5,SLOT SIGNALS,Connector_PinHeader_2.54mm:PinHeader_1x08_P2.54mm_Vertical,,,,,,
34,1,J6,FAN,Connector_PinHeader_2.54mm:PinHeader_1x02_P2.54mm_Vertical,,,,,,
35,2,L1 L3,6.8u MWSA1707S/XAL1510,labbench:L_1707_XAL1510,C6238332,MWSA1707S-6R8MT,Sunlord,1.72,3.44,17 A Irms / 22 A Isat; placeholder footprint until the land pass
36,1,L2,33u/1.2A,Inductor_SMD:L_1210_3225Metric,,,,,,
37,8,Q1 Q2 Q3 Q4 Q10 Q11 Q12 Q13,CSD18540Q5B,labbench:PowerFET_SON5x6_GDS,C86513,CSD18540Q5B,TI,1.43,11.44,do not substitute clone power-stage FETs
38,5,Q5 Q6 Q7 Q8 Q9,2N7002,Package_TO_SOT_SMD:SOT-23,,,,,,
39,1,Q14,CSD19536KTT,Package_TO_SOT_SMD:TO-263-2,C2687963,CSD19536KTT,TI,4.94,4.94,"hot-swap pass FET, SOA-critical, thin stock - order early"
40,1,R1,46.4K 0.1%,Resistor_SMD:R_0603_1608Metric,,,,,,
41,1,R2,1.0K 0.1%,Resistor_SMD:R_0603_1608Metric,,,,,,
42,2,R3 R6,10K 0.1%,Resistor_SMD:R_0603_1608Metric,,,,,,
43,1,R4,33K,Resistor_SMD:R_0603_1608Metric,,,,,,
44,2,R5 R8,5.6K,Resistor_SMD:R_0603_1608Metric,,,,,,
45,1,R7,15K,Resistor_SMD:R_0603_1608Metric,,,,,,
46,9,R16 R18 R19 R20 R22 R23 R38 R52 R75,100K,Resistor_SMD:R_0603_1608Metric,,,,,,
47,1,R24,2.2K,Resistor_SMD:R_0603_1608Metric,,,,,,
48,1,R26,63.4K 1%,Resistor_SMD:R_0603_1608Metric,,,,,,
49,1,R27,4.7K 0.5W preload,Resistor_SMD:R_2512_6332Metric,,,,,,
50,1,R29,4.7,Resistor_SMD:R_0603_1608Metric,,,,,,
51,2,R30 R34,1m0 3W Kelvin,Resistor_SMD:R_2512_6332Metric,C46634444,,,0.058,0.116,1.0 mOhm 2512 3 W 1 % output shunt; check TCR <= 75 ppm on datasheet
52,2,R31 R66,1K,Resistor_SMD:R_0603_1608Metric,,,,,,
53,1,R32,110K 0.1%,Resistor_SMD:R_0603_1608Metric,,,,,,
54,1,R33,10.0K 0.1%,Resistor_SMD:R_0603_1608Metric,,,,,,
55,1,R35,267K 1%,Resistor_SMD:R_0603_1608Metric,,,,,,
56,4,R36 R37 R42 R57,7m5 1W,Resistor_SMD:R_1206_3216Metric,C49837985,,,0.025,0.1,"7.5 mOhm 1206 1 W 1 %, phase-shunt pairs"
57,1,R39,DNP 0R,Resistor_SMD:R_0603_1608Metric,,,,,,do not populate (value says DNP)
58,2,R40 R41,DNP snub,Resistor_SMD:R_0603_1608Metric,,,,,,do not populate (value says DNP)
59,3,R43 R64 R65,10K,Resistor_SMD:R_0603_1608Metric,,,,,,
60,1,R44,47K,Resistor_SMD:R_0603_1608Metric,,,,,,
61,1,R45,215K 0.1%,Resistor_SMD:R_0603_1608Metric,,,,,,
62,1,R46,20.0K 0.1%,Resistor_SMD:R_0603_1608Metric,,,,,,
63,4,R47 R61 R67 R68,10K 1%,Resistor_SMD:R_0603_1608Metric,,,,,,
64,1,R50,100K 1%,Resistor_SMD:R_0603_1608Metric,,,,,,
65,1,R51,24.9K 1%,Resistor_SMD:R_0603_1608Metric,,,,,,
66,1,R60,200K 1%,Resistor_SMD:R_0603_1608Metric,,,,,,
67,2,R62 R63,4.7K,Resistor_SMD:R_0603_1608Metric,,,,,,
68,1,R70,1m5 3W Kelvin,Resistor_SMD:R_2512_6332Metric,C49837991,,,0.044,0.044,"1.5 mOhm 2512 3 W 1 %, LM5069 R_SNS"
69,1,R71,47.5K 1%,Resistor_SMD:R_0603_1608Metric,,,,,,
70,1,R72,12.1K 1%,Resistor_SMD:R_0603_1608Metric,,,,,,
71,1,R73,4.87K 1%,Resistor_SMD:R_0603_1608Metric,,,,,,
72,1,R74,15.0K 1%,Resistor_SMD:R_0603_1608Metric,,,,,,
73,2,RT1 RT2,10K B3950,Resistor_SMD:R_0603_1608Metric,,,,,,
74,1,U1,DAC80502DRXT,labbench:DAC80502_DRX_WSON-10,C1880990,DAC80502DRXR,TI,4.19,4.19,value says DRXT; R/T differ only in reel size
75,1,U2,OPA2333,Package_SO:VSSOP-8_3.0x3.0mm_P0.65mm,C19608,OPA2333AIDGKR,TI,1.14,1.14,
76,1,U3,LM5143RHAR,labbench:LM5143_RHA0040P,C5219258,LM5143QRHARQ1,TI,2.93,2.93,CHECK: symbol value says LM5143RHAR; SOURCING picked the cheaper Q1 variant (same VQFN-40) - confirm RHA0040P land vs the Q1 addendum
77,1,U4,INA240A3,Package_SO:SOIC-8_3.9x4.9mm_P1.27mm,C2060584,INA240A3DR,TI,1.87,1.87,
78,1,U5,INA228,Package_SO:VSSOP-10_3x3mm_P0.5mm,C2887910,INA228AIDGSR,TI,3.83,3.83,out of stock at LCSC/JLCPCB on 2026-09-27
79,1,U6,LTC7004,Package_SO:MSOP-10-1EP_3x3mm_P0.5mm_EP1.68x1.88mm,C690105,LTC7004EMSE#PBF,ADI,5.77,5.77,thinnest stock in the BOM - order early (IMSE fallback)
80,1,U7,TLV7011DCK,Package_TO_SOT_SMD:SOT-353_SC-70-5,C193688,TLV7011DCKR,TI,0.27,0.27,SC-70-5 (DCK)
81,1,U8,LMR36015AQRNXRQ1,labbench:LMR36015_RNX_VQFN-HR-12,C1850345,LMR36015ARNXR,TI,1.91,1.91,"symbol value says LMR36015AQRNXRQ1 (automotive); SOURCING picked the commercial ARNXR, same RNX package"
82,1,U9,NCP1117-3.3,Package_TO_SOT_SMD:SOT-223-3_TabPin2,C26537,NCP1117ST33T3G,onsemi,0.21,0.21,
83,1,U10,STM32G431CBT6,Package_QFP:LQFP-48_7x7mm_P0.5mm,C529355,STM32G431CBT6,ST,2.85,2.85,
84,1,U11,TCAN1042HGV,Package_SO:SOIC-8_3.9x4.9mm_P1.27mm,C485806,TCAN1042VDRQ1,TI,0.57,0.57,"symbol value says TCAN1042HGV; SOURCING picked the V (VIO) variant, same SOIC-8 pinout"
85,1,U12,LM5069MM-2,Package_SO:VSSOP-10_3x3mm_P0.5mm,C111822,LM5069MM-2/NOPB,TI,1.17,1.17,
86,1,U13,TS5A3166,Package_TO_SOT_SMD:SOT-23-5,C353035,TS5A3166DBVR,TI,0.28,0.28,
87,1,Y1,8MHz,Crystal:Crystal_SMD_3225-4Pin_3.2x2.5mm,C403948,TAXM8M4RFDCET2T,Yajingxin,0.147,0.147,"8 MHz 3225, CL = 12 pF (load caps 18 p); replaces C400090, which is the CL = 10 pF version"
,172,,,,,,,,52.01,"55/172 placements have an LCSC number; total covers those only (qty-1, SOURCING.md 2026-07-18)"
