Comment,Designator,Footprint,LCSC Part #
10n,C1,C_0603_1608Metric,
22n,C2,C_0603_1608Metric,
100n,"C3,C5,C27,C28,C33,C34,C41,C43,C52,C62,C68,C69,C70,C71,C72,C73,C74",C_0603_1608Metric,
150n,C4,C_0603_1608Metric,
47n,C18,C_0603_1608Metric,
15p,C19,C_0603_1608Metric,
22u/50V X7R,"C20,C75,C76,C77",C_1210_3225Metric,
220u/50V,C21,CP_Elec_10x10.5,
220u/25V poly,"C22,C78",CP_Elec_8x11.9,
22u/25V X7R,"C23,C79,C80,C81",C_1210_3225Metric,
8.2n,C24,C_0603_1608Metric,
120p,C25,C_0603_1608Metric,
3.3n,C26,C_0603_1608Metric,
2.2u,C29,C_0603_1608Metric,
1n,"C31,C32,C44",C_0603_1608Metric,
1u,"C42,C53",C_0603_1608Metric,
4.7u/50V,"C50,C51",C_1210_3225Metric,
22u/16V,"C54,C55",C_1210_3225Metric,
10u/16V,C56,C_1210_3225Metric,
22u/10V,C57,C_1210_3225Metric,
4.7u,C64,C_0603_1608Metric,
1u VDDA,C65,C_0603_1608Metric,
18p,"C66,C67",C_0603_1608Metric,
BAT54W,"D1,D2,D3,D4",SOT-323_SC-70,
SMBJ33A,D5,D_SMB,
1N4148W,D6,D_SOD-323,
STATUS,D7,LED_0603_1608Metric,
10A blade,F1,Fuse_Blade_Mini_directSolder,
VBUS IN,J1,"TerminalBlock_Phoenix_PT-1,5-2-5.0-H_1x02_P5.00mm_Horizontal",
SWD,J2,PinHeader_1x05_P2.54mm_Vertical,
UART,J3,PinHeader_1x03_P2.54mm_Vertical,
OUTPUT,J4,"TerminalBlock_Phoenix_PT-1,5-2-5.0-H_1x02_P5.00mm_Horizontal",
BACKPLANE,J5,PinHeader_1x08_P2.54mm_Vertical,
FAN,J6,PinHeader_1x02_P2.54mm_Vertical,
10u MWSA1707S-100/XAL1350,L1,L_1707_XAL1510,C5240401
33u/1.2A,L2,L_1210_3225Metric,
CSD18563Q5A,"Q1,Q2",PowerFET_SON5x6_GDS,C77239
60V NFET,"Q3,Q4",PowerFET_SON5x6_GDS,C77239
2N7002,"Q5,Q6,Q7,Q8,Q9",SOT-23,
25.5K 0.1%,R1,R_0603_1608Metric,
1.0K 0.1%,R2,R_0603_1608Metric,
10K 0.1%,"R3,R6",R_0603_1608Metric,
33K,R4,R_0603_1608Metric,
3.9K,"R5,R8",R_0603_1608Metric,
15K,R7,R_0603_1608Metric,
100K,"R16,R18,R19,R22,R23,R52",R_0603_1608Metric,
100K 1%,"R20,R50",R_0603_1608Metric,
13K 1%,R21,R_0603_1608Metric,
8.2K,R24,R_0603_1608Metric,
1.0K,R25,R_0603_1608Metric,
28.7K 1%,R26,R_0603_1608Metric,
2.2K 1W preload,R27,R_2512_6332Metric,
365 1%,R28,R_0603_1608Metric,
4.7,R29,R_0603_1608Metric,
2m/1W Kelvin,R30,R_2512_6332Metric,C2994640
1K,"R31,R66",R_0603_1608Metric,
69.8K 0.1%,R32,R_0603_1608Metric,
10.0K 0.1%,R33,R_0603_1608Metric,
10K,"R43,R64,R65",R_0603_1608Metric,
47K,R44,R_0603_1608Metric,
158K 1%,R45,R_0603_1608Metric,
20K 1%,R46,R_0603_1608Metric,
10K 1%,"R47,R61,R67,R68",R_0603_1608Metric,
31.6K 1%,R48,R_0603_1608Metric,
24.9K 1%,R51,R_0603_1608Metric,
200K 1%,R60,R_0603_1608Metric,
4.7K,"R62,R63",R_0603_1608Metric,
10K B3950,"RT1,RT2",R_0603_1608Metric,
DAC80502DRXT,U1,DAC80502_DRX_WSON-10,C1880990
OPA2333,U2,VSSOP-8_3.0x3.0mm_P0.65mm,C19608
LM5145RGYR,U3,LM5145_RGY0020B,C485912
INA240A3,U4,SOIC-8_3.9x4.9mm_P1.27mm,C2060584
INA228,U5,VSSOP-10_3x3mm_P0.5mm,C2887910
LTC7004,U6,MSOP-10-1EP_3x3mm_P0.5mm_EP1.68x1.88mm,C690105
TLV7011DCK,U7,SOT-353_SC-70-5,C193688
LMR36015AQRNXRQ1,U8,LMR36015_RNX_VQFN-HR-12,C1850345
NCP1117-3.3,U9,SOT-223-3_TabPin2,C26537
STM32G431CBT6,U10,LQFP-48_7x7mm_P0.5mm,C529355
TCAN1042HGV,U11,SOIC-8_3.9x4.9mm_P1.27mm,C485806
8MHz,Y1,Crystal_SMD_3225-4Pin_3.2x2.5mm,C400090
