Designator,Mid X,Mid Y,Layer,Rotation
BZ1,110.0000mm,-84.0000mm,Top,0
C50,41.3500mm,-74.0000mm,Top,90
C51,34.6500mm,-74.0000mm,Top,90
C52,34.2000mm,-77.3000mm,Top,180
C53,36.9000mm,-78.5000mm,Top,270
C54,34.2000mm,-68.3000mm,Top,90
C55,30.9000mm,-68.3000mm,Top,90
C56,50.2000mm,-86.3000mm,Top,180
C57,64.0000mm,-84.0000mm,Top,0
C64,76.5000mm,-40.5000mm,Top,180
C65,77.8000mm,-37.0000mm,Top,180
C66,34.5000mm,-23.6000mm,Top,0
C68,97.0000mm,-71.0000mm,Top,0
C69,40.0000mm,-27.4000mm,Top,90
C70,61.8000mm,-27.6000mm,Top,90
C73,70.0000mm,-57.0000mm,Top,0
C74,117.0000mm,-65.0000mm,Top,0
C75,117.0000mm,-68.0000mm,Top,0
C76,112.0000mm,-71.0000mm,Top,0
D5,51.0000mm,-63.0000mm,Top,0
D7,44.0000mm,-28.0000mm,Top,0
D8,44.0000mm,-31.0000mm,Top,0
D9,117.0000mm,-77.0000mm,Top,0
ENC1,79.2500mm,-78.5000mm,Top,180
F1,37.9500mm,-63.0000mm,Top,0
J1,25.0000mm,-58.1300mm,Top,0
J3,82.0000mm,-94.8600mm,Top,0
J4,98.5400mm,-66.0000mm,Top,90
J5,80.1600mm,-66.0000mm,Top,90
J6,86.5100mm,-60.0000mm,Top,90
L2,38.0000mm,-70.0000mm,Top,90
Q8,92.0000mm,-83.0000mm,Top,0
Q9,97.0000mm,-83.0000mm,Top,0
Q10,102.0000mm,-83.0000mm,Top,0
Q11,92.0000mm,-89.0000mm,Top,0
R50,41.9000mm,-77.6800mm,Top,180
R51,39.6000mm,-78.5000mm,Top,270
R52,45.6000mm,-77.0000mm,Top,180
R62,48.0000mm,-35.0000mm,Top,0
R63,48.0000mm,-38.0000mm,Top,0
R64,33.0000mm,-32.6000mm,Top,0
R65,92.0000mm,-71.0000mm,Top,0
R66,102.0000mm,-71.0000mm,Top,0
R67,75.1000mm,-91.2000mm,Top,180
R68,87.8000mm,-89.0000mm,Top,90
R69,49.0000mm,-28.0000mm,Top,0
R70,49.0000mm,-31.0000mm,Top,0
R71,92.0000mm,-93.0000mm,Top,0
R72,56.0000mm,-24.0000mm,Top,0
R73,102.0000mm,-87.0000mm,Top,0
R75,107.0000mm,-65.0000mm,Top,0
R76,107.0000mm,-68.0000mm,Top,0
R77,112.0000mm,-65.0000mm,Top,0
R78,112.0000mm,-68.0000mm,Top,0
R79,107.0000mm,-71.0000mm,Top,0
R80,34.0000mm,-46.0000mm,Top,0
R81,38.0000mm,-46.0000mm,Top,0
R82,42.0000mm,-46.0000mm,Top,0
R83,46.0000mm,-46.0000mm,Top,0
R84,34.0000mm,-49.0000mm,Top,0
R85,38.0000mm,-49.0000mm,Top,0
R86,42.0000mm,-49.0000mm,Top,0
R87,46.0000mm,-49.0000mm,Top,0
R90,64.3000mm,-45.4000mm,Top,0
R91,64.3000mm,-43.2000mm,Top,0
R92,64.3000mm,-41.0000mm,Top,0
R93,64.3000mm,-38.8000mm,Top,0
R94,64.3000mm,-36.6000mm,Top,0
R95,64.3000mm,-34.4000mm,Top,0
R96,64.3000mm,-32.2000mm,Top,0
R97,64.3000mm,-30.0000mm,Top,0
R98,97.0000mm,-87.0000mm,Top,0
SW1,95.0000mm,-76.0000mm,Top,0
SW2,105.0000mm,-76.0000mm,Top,0
U8,38.0000mm,-74.9998mm,Top,0
U9,57.0000mm,-84.0000mm,Top,0
U10,90.0000mm,-44.7700mm,Top,0
U11,35.0000mm,-28.0000mm,Top,180
U12,67.5250mm,-89.6000mm,Top,180
U13,56.0000mm,-31.0000mm,Top,0
